http://disc-uk.togethersupport.co.uk/disc-info/,http://disc-uk.togethersupport.co.uk/about-us,301
http://disc-uk.togethersupport.co.uk/store/,http://disc-uk.togethersupport.co.uk/products.html,301
http://disc-uk.togethersupport.co.uk/epic-account-info/,http://disc-uk.togethersupport.co.uk/epic-credits,301
http://disc-uk.togethersupport.co.uk/the-benefits-of-using-disc/,http://disc-uk.togethersupport.co.uk/about-us,301
http://disc-uk.togethersupport.co.uk/the-history-of-disc/,http://disc-uk.togethersupport.co.uk/about-us, 301
http://disc-uk.togethersupport.co.uk/disc-dominance-d-profile-overview/,http://disc-uk.togethersupport.co.uk/disc, 301
http://disc-uk.togethersupport.co.uk/disc-influence-i-profile-overview/,http://disc-uk.togethersupport.co.uk/disc, 301
http://disc-uk.togethersupport.co.uk/disc-steadiness-s-profile-overview/,http://disc-uk.togethersupport.co.uk/disc, 301
http://disc-uk.togethersupport.co.uk/disc-conscientiousness-c-profile-overview/,http://disc-uk.togethersupport.co.uk/disc, 301
http://disc-uk.togethersupport.co.uk/frequently-asked-questions/,http://disc-uk.togethersupport.co.uk/about-us/faq-cat.html, 301
http://disc-uk.togethersupport.co.uk/contact-us,http://disc-uk.togethersupport.co.uk/contact,301
http://disc-uk.togethersupport.co.uk/disc-training-dates/,http://disc-uk.togethersupport.co.uk/disc-trainer-certification,301
http://disc-uk.togethersupport.co.uk/videos/,http://disc-uk.togethersupport.co.uk/about-us,301
http://disc-uk.togethersupport.co.uk/everything-disc-sales-videos/,http://disc-uk.togethersupport.co.uk/about-us,301
http://disc-uk.togethersupport.co.uk/everything-disc-work-of-leaders-videos/,http://disc-uk.togethersupport.co.uk/about-us,301
http://disc-uk.togethersupport.co.uk/everything-disc-management-videos/,http://disc-uk.togethersupport.co.uk/about-us,301
http://disc-uk.togethersupport.co.uk/some-disc-uk-clients/,http://disc-uk.togethersupport.co.uk/about-us,301
http://disc-uk.togethersupport.co.uk/everything-disc-363-for-leaders-videos/,http://disc-uk.togethersupport.co.uk/about-us,301
http://disc-uk.togethersupport.co.uk/everything-disc-workplace-videos/,http://disc-uk.togethersupport.co.uk/about-us,301
http://disc-uk.togethersupport.co.uk/363-for-leaders-1, http://disc-uk.togethersupport.co.uk/363-for-leaders, 301
http://disc-uk.togethersupport.co.uk/5-behaviours/,http://disc-uk.togethersupport.co.uk/the-five-behaviours,301
http://disc-uk.togethersupport.co.uk/epic-credits,http://disc-uk.togethersupport.co.uk/products/epic.html,301
http://disc-uk.togethersupport.co.uk/everything-disc-trainer-certification/,http://disc-uk.togethersupport.co.uk/disc-trainer-certification,301
http://disc-uk.togethersupport.co.uk/everything-disc-manual/,http://disc-uk.togethersupport.co.uk/everything-discr-manual.html,301
http://disc-uk.togethersupport.co.uk/the-five-behaviors-of-a-cohesive-team-facilitation-kit/,http://disc-uk.togethersupport.co.uk/the-five-behaviours,301
http://disc-uk.togethersupport.co.uk/the-five-behaviors-of-a-cohesive-team-profile/,http://disc-uk.togethersupport.co.uk/the-five-behaviours,301
http://disc-uk.togethersupport.co.uk/epic-account/,http://disc-uk.togethersupport.co.uk/epic-credits,301
http://disc-uk.togethersupport.co.uk/everything-disc-workplace-profile-15-credits/,http://disc-uk.togethersupport.co.uk/products.html,301
http://disc-uk.togethersupport.co.uk/epic-account-150-starter-credits/,http://disc-uk.togethersupport.co.uk/products/epic/epic-account-150-starter-credits.html,301
http://disc-uk.togethersupport.co.uk/epic-credit-bundle-500/,http://disc-uk.togethersupport.co.uk/products/epic/epic-credit-bundle-500.html,301
http://disc-uk.togethersupport.co.uk/everything-disc-management-profile/,http://disc-uk.togethersupport.co.uk/everything-discr-management-profile.html,301
http://disc-uk.togethersupport.co.uk/epic-credit-bundle-1000/,http://disc-uk.togethersupport.co.uk/products/epic/epic-credit-bundle-1000.html,301
http://disc-uk.togethersupport.co.uk/everything-disc-sales-profile/,http://disc-uk.togethersupport.co.uk/everything-discr-sales-profile.html,301
http://disc-uk.togethersupport.co.uk/the-five-behaviors-take-away-cards-5b101-02/,http://disc-uk.togethersupport.co.uk/the-five-behaviors-take-away-cards.html,301
http://disc-uk.togethersupport.co.uk/epic-credit-bundle-2500/,http://disc-uk.togethersupport.co.uk/products/epic/epic-credit-bundle-2500.html,301
http://disc-uk.togethersupport.co.uk/everything-disc-work-of-leaders-profile/,http://disc-uk.togethersupport.co.uk/everything-discr-work-of-leaders-profile.html,301
http://disc-uk.togethersupport.co.uk/everything-disc-363-for-leaders1/,http://disc-uk.togethersupport.co.uk/363-for-leaders,301
http://disc-uk.togethersupport.co.uk/epic-credit-bundle-5000/,http://disc-uk.togethersupport.co.uk/products/epic/epic-credit-bundle-5000.html,301
http://disc-uk.togethersupport.co.uk/everything-disc-facilitator-report/,http://disc-uk.togethersupport.co.uk/everything-discr-facilitator-report.html,301
http://disc-uk.togethersupport.co.uk/everything-disc-group-culture-report/,http://disc-uk.togethersupport.co.uk/everything-discr-group-culture-report.html,301
http://disc-uk.togethersupport.co.uk/quikdisc-card-game/,http://disc-uk.togethersupport.co.uk/quikdiscr-card-game.html,301
http://disc-uk.togethersupport.co.uk/disc-classic-on-paper/,http://disc-uk.togethersupport.co.uk/discr-classic-on-paper.html,301
http://disc-uk.togethersupport.co.uk/everything-disc-comparison-report-1/,http://disc-uk.togethersupport.co.uk/everything-disc-comparison-report.html,301
http://disc-uk.togethersupport.co.uk/disc-classic-on-paper-pack-of-25/,http://disc-uk.togethersupport.co.uk/discr-classic-on-paper-pack-of-25.html,301
http://disc-uk.togethersupport.co.uk/disc-classic-2-0-profile,http://disc-uk.togethersupport.co.uk/discr-classic-2-0-profile.html,301
http://disc-uk.togethersupport.co.uk/green-d-disc-buttons-set-of-10/,http://disc-uk.togethersupport.co.uk/products.html,301
http://disc-uk.togethersupport.co.uk/red-i-disc-buttons-set-of-10/,http://disc-uk.togethersupport.co.uk/products.html,301
http://disc-uk.togethersupport.co.uk/blue-s-disc-buttons-set-of-10/,http://disc-uk.togethersupport.co.uk/products.html,301
http://disc-uk.togethersupport.co.uk/yellow-c-disc-buttons-set-of-10/,http://disc-uk.togethersupport.co.uk/products.html,301
http://disc-uk.togethersupport.co.uk/everything-disc-mugs-set-of-4/,http://disc-uk.togethersupport.co.uk/products.html,301
http://disc-uk.togethersupport.co.uk/everything-disc-people-reading-pens-set-of-5/,http://disc-uk.togethersupport.co.uk/products.html,301
http://disc-uk.togethersupport.co.uk/everything-disc-workplace-facilitation-kit/,http://disc-uk.togethersupport.co.uk/everything-disc-workplacer-facilitation-kit.html,301
http://disc-uk.togethersupport.co.uk/everything-disc-management-facilitation-kit/,http://disc-uk.togethersupport.co.uk/everything-discr-management-facilitation-kit.html,301
http://disc-uk.togethersupport.co.uk/everything-disc-sales-facilitation-kit/,http://disc-uk.togethersupport.co.uk/everything-discr-sales-facilitation-kit.html,301
http://disc-uk.togethersupport.co.uk/everything-disc-work-of-leaders-facilitation-kit/,http://disc-uk.togethersupport.co.uk/everything-discr-work-of-leaders-facilitation-kit.html,301
http://disc-uk.togethersupport.co.uk/everything-disc-work-of-leaders-poster-set/,http://disc-uk.togethersupport.co.uk/products.html,301
http://disc-uk.togethersupport.co.uk/everything-disc-sales-customer-interaction-guides/,http://disc-uk.togethersupport.co.uk/everything-discr-sales-customer-interaction-guides.html,301
http://disc-uk.togethersupport.co.uk/everything-disc-workplace-style-guides/,http://disc-uk.togethersupport.co.uk/everything-disc-workplacer-style-guides.html,301
http://disc-uk.togethersupport.co.uk/everything-disc-management-interaction-guides/,http://disc-uk.togethersupport.co.uk/everything-discr-management-interaction-guides.html,301
http://disc-uk.togethersupport.co.uk/everything-disc-workplace-interaction-guides/,http://disc-uk.togethersupport.co.uk/everything-disc-workplacer-interaction-guides.html,301
http://disc-uk.togethersupport.co.uk/the-five-behaviors-of-a-cohesive-team/,http://disc-uk.togethersupport.co.uk/the-five-behaviours,301
http://disc-uk.togethersupport.co.uk/disc-profiles/,http://disc-uk.togethersupport.co.uk/products/everything-disc-profiles.html,301
http://disc-uk.togethersupport.co.uk/certification-di/,http://disc-uk.togethersupport.co.uk/products.html,301
http://disc-uk.togethersupport.co.uk/disc-credits/,http://disc-uk.togethersupport.co.uk/products.html,301
http://disc-uk.togethersupport.co.uk/everything-disc,http://disc-uk.togethersupport.co.uk/products/everything-disc-profiles.html,301
http://disc-uk.togethersupport.co.uk/disc-training-systems/,http://disc-uk.togethersupport.co.uk/products.html,301
http://disc-uk.togethersupport.co.uk/training-aids/,http://disc-uk.togethersupport.co.uk/products.html,301
http://disc-uk.togethersupport.co.uk/other-inscape-profiles,http://disc-uk.togethersupport.co.uk/products.html,301
http://disc-uk.togethersupport.co.uk/disc-classic,http://disc-uk.togethersupport.co.uk/products.html,301
http://disc-uk.togethersupport.co.uk/epic-account-1/,http://disc-uk.togethersupport.co.uk/products.html,301
http://disc-uk.togethersupport.co.uk/disc-certification-training-1/,http://disc-uk.togethersupport.co.uk/products.html,301
http://disc-uk.togethersupport.co.uk/behavioural-coach-training-2/,http://disc-uk.togethersupport.co.uk/products.html,301
http://disc-uk.togethersupport.co.uk/disc-classic/,http://disc-uk.togethersupport.co.uk/products.html,301
http://disc-uk.togethersupport.co.uk/everything-disc/,http://disc-uk.togethersupport.co.uk/products.html,301
http://disc-uk.togethersupport.co.uk/beyond-disc/,http://disc-uk.togethersupport.co.uk/products.html,301
http://disc-uk.togethersupport.co.uk/everything-disc-363-for-leaders/.http://disc-uk.togethersupport.co.uk/products.html,301
http://disc-uk.togethersupport.co.uk/workplace/.http://disc-uk.togethersupport.co.uk/products.html,301
http://disc-uk.togethersupport.co.uk/sales/,http://disc-uk.togethersupport.co.uk/products.html,301
http://disc-uk.togethersupport.co.uk/management/,http://disc-uk.togethersupport.co.uk/products.html,301
http://disc-uk.togethersupport.co.uk/work-of-leaders/,http://disc-uk.togethersupport.co.uk/products.html,301
http://disc-uk.togethersupport.co.uk/beyond-disc-1/,http://disc-uk.togethersupport.co.uk/products.html,301
http://disc-uk.togethersupport.co.uk/brands/Inscape-Disc.html,http://disc-uk.togethersupport.co.uk/products.html,301
http://disc-uk.togethersupport.co.uk/blog/cohesive-team-training-and-the-importance-of-conflict/,http://disc-uk.togethersupport.co.uk/news/,301
http://disc-uk.togethersupport.co.uk/blog/recognising-your-soft-skills-in-the-workplace-/,http://disc-uk.togethersupport.co.uk/news/,301
http://disc-uk.togethersupport.co.uk/blog/three-situations-where-disc-assessment-will-come-in-useful-for-your-company/,http://disc-uk.togethersupport.co.uk/news/,301
http://disc-uk.togethersupport.co.uk/blog/three-reasons-your-sales-team-needs-disc-assessment-training/,http://disc-uk.togethersupport.co.uk/news/,301
http://disc-uk.togethersupport.co.uk/blog/three-reasons-to-introduce-disc-assessment-into-your-companys-interviewing-process/,http://disc-uk.togethersupport.co.uk/news/,301
http://disc-uk.togethersupport.co.uk/blog/three-reasons-your-company-should-be-using-disc-assessment/,http://disc-uk.togethersupport.co.uk/news/,301
http://disc-uk.togethersupport.co.uk/blog/strength-of-character-is-the-secret-to-the-success-and-longevity-of-leaders-/,http://disc-uk.togethersupport.co.uk/news/,301
http://disc-uk.togethersupport.co.uk/blog/5-steps-to-leading-your-team-more-effectively-with-disc-assessment/,http://disc-uk.togethersupport.co.uk/news/,301
http://disc-uk.togethersupport.co.uk/blog/disc-assessment-top-5-habits-that-effective-team-members-should-never-outgrow-/,http://disc-uk.togethersupport.co.uk/news/,301


http://www.discassessment.co.uk/disc-info/,http://www.discassessment.co.uk/about-us,301
http://www.discassessment.co.uk/store/,http://www.discassessment.co.uk/products.html,301
http://www.discassessment.co.uk/epic-account-info/,http://www.discassessment.co.uk/epic-credits,301
http://www.discassessment.co.uk/the-benefits-of-using-disc/,http://www.discassessment.co.uk/about-us,301
http://www.discassessment.co.uk/the-history-of-disc/,http://www.discassessment.co.uk/about-us, 301
http://www.discassessment.co.uk/disc-dominance-d-profile-overview/,http://www.discassessment.co.uk/disc, 301
http://www.discassessment.co.uk/disc-influence-i-profile-overview/,http://www.discassessment.co.uk/disc, 301
http://www.discassessment.co.uk/disc-steadiness-s-profile-overview/,http://www.discassessment.co.uk/disc, 301
http://www.discassessment.co.uk/disc-conscientiousness-c-profile-overview/,http://www.discassessment.co.uk/disc, 301
http://www.discassessment.co.uk/frequently-asked-questions/,http://www.discassessment.co.uk/about-us/faq-cat.html, 301
http://www.discassessment.co.uk/contact-us,http://www.discassessment.co.uk/contact,301
http://www.discassessment.co.uk/disc-training-dates/,http://www.discassessment.co.uk/disc-trainer-certification,301
http://www.discassessment.co.uk/videos/,http://www.discassessment.co.uk/about-us,301
http://www.discassessment.co.uk/everything-disc-sales-videos/,http://www.discassessment.co.uk/about-us,301
http://www.discassessment.co.uk/everything-disc-work-of-leaders-videos/,http://www.discassessment.co.uk/about-us,301
http://www.discassessment.co.uk/everything-disc-management-videos/,http://www.discassessment.co.uk/about-us,301
http://www.discassessment.co.uk/some-disc-uk-clients/,http://www.discassessment.co.uk/about-us,301
http://www.discassessment.co.uk/everything-disc-363-for-leaders-videos/,http://www.discassessment.co.uk/about-us,301
http://www.discassessment.co.uk/everything-disc-workplace-videos/,http://www.discassessment.co.uk/about-us,301
http://www.discassessment.co.uk/363-for-leaders-1, http://www.discassessment.co.uk/363-for-leaders, 301
http://www.discassessment.co.uk/5-behaviours/,http://www.discassessment.co.uk/the-five-behaviours,301
http://www.discassessment.co.uk/epic-credits,http://www.discassessment.co.uk/products/epic.html,301
http://www.discassessment.co.uk/everything-disc-trainer-certification/,http://www.discassessment.co.uk/disc-trainer-certification,301
http://www.discassessment.co.uk/everything-disc-manual/,http://www.discassessment.co.uk/everything-discr-manual.html,301
http://www.discassessment.co.uk/the-five-behaviors-of-a-cohesive-team-facilitation-kit/,http://www.discassessment.co.uk/the-five-behaviours,301
http://www.discassessment.co.uk/the-five-behaviors-of-a-cohesive-team-profile/,http://www.discassessment.co.uk/the-five-behaviours,301
http://www.discassessment.co.uk/epic-account/,http://www.discassessment.co.uk/epic-credits,301
http://www.discassessment.co.uk/everything-disc-workplace-profile-15-credits/,http://www.discassessment.co.uk/products.html,301
http://www.discassessment.co.uk/epic-account-150-starter-credits/,http://www.discassessment.co.uk/products/epic/epic-account-150-starter-credits.html,301
http://www.discassessment.co.uk/epic-credit-bundle-500/,http://www.discassessment.co.uk/products/epic/epic-credit-bundle-500.html,301
http://www.discassessment.co.uk/everything-disc-management-profile/,http://www.discassessment.co.uk/everything-discr-management-profile.html,301
http://www.discassessment.co.uk/epic-credit-bundle-1000/,http://www.discassessment.co.uk/products/epic/epic-credit-bundle-1000.html,301
http://www.discassessment.co.uk/everything-disc-sales-profile/,http://www.discassessment.co.uk/everything-discr-sales-profile.html,301
http://www.discassessment.co.uk/the-five-behaviors-take-away-cards-5b101-02/,http://www.discassessment.co.uk/the-five-behaviors-take-away-cards.html,301
http://www.discassessment.co.uk/epic-credit-bundle-2500/,http://www.discassessment.co.uk/products/epic/epic-credit-bundle-2500.html,301
http://www.discassessment.co.uk/everything-disc-work-of-leaders-profile/,http://www.discassessment.co.uk/everything-discr-work-of-leaders-profile.html,301
http://www.discassessment.co.uk/everything-disc-363-for-leaders1/,http://www.discassessment.co.uk/363-for-leaders,301
http://www.discassessment.co.uk/epic-credit-bundle-5000/,http://www.discassessment.co.uk/products/epic/epic-credit-bundle-5000.html,301
http://www.discassessment.co.uk/everything-disc-facilitator-report/,http://www.discassessment.co.uk/everything-discr-facilitator-report.html,301
http://www.discassessment.co.uk/everything-disc-group-culture-report/,http://www.discassessment.co.uk/everything-discr-group-culture-report.html,301
http://www.discassessment.co.uk/quikdisc-card-game/,http://www.discassessment.co.uk/quikdiscr-card-game.html,301
http://www.discassessment.co.uk/disc-classic-on-paper/,http://www.discassessment.co.uk/discr-classic-on-paper.html,301
http://www.discassessment.co.uk/everything-disc-comparison-report-1/,http://www.discassessment.co.uk/everything-disc-comparison-report.html,301
http://www.discassessment.co.uk/disc-classic-on-paper-pack-of-25/,http://www.discassessment.co.uk/discr-classic-on-paper-pack-of-25.html,301
http://www.discassessment.co.uk/disc-classic-2-0-profile,http://www.discassessment.co.uk/discr-classic-2-0-profile.html,301
http://www.discassessment.co.uk/green-d-disc-buttons-set-of-10/,http://www.discassessment.co.uk/products.html,301
http://www.discassessment.co.uk/red-i-disc-buttons-set-of-10/,http://www.discassessment.co.uk/products.html,301
http://www.discassessment.co.uk/blue-s-disc-buttons-set-of-10/,http://www.discassessment.co.uk/products.html,301
http://www.discassessment.co.uk/yellow-c-disc-buttons-set-of-10/,http://www.discassessment.co.uk/products.html,301
http://www.discassessment.co.uk/everything-disc-mugs-set-of-4/,http://www.discassessment.co.uk/products.html,301
http://www.discassessment.co.uk/everything-disc-people-reading-pens-set-of-5/,http://www.discassessment.co.uk/products.html,301
http://www.discassessment.co.uk/everything-disc-workplace-facilitation-kit/,http://www.discassessment.co.uk/everything-disc-workplacer-facilitation-kit.html,301
http://www.discassessment.co.uk/everything-disc-management-facilitation-kit/,http://www.discassessment.co.uk/everything-discr-management-facilitation-kit.html,301
http://www.discassessment.co.uk/everything-disc-sales-facilitation-kit/,http://www.discassessment.co.uk/everything-discr-sales-facilitation-kit.html,301
http://www.discassessment.co.uk/everything-disc-work-of-leaders-facilitation-kit/,http://www.discassessment.co.uk/everything-discr-work-of-leaders-facilitation-kit.html,301
http://www.discassessment.co.uk/everything-disc-work-of-leaders-poster-set/,http://www.discassessment.co.uk/products.html,301
http://www.discassessment.co.uk/everything-disc-sales-customer-interaction-guides/,http://www.discassessment.co.uk/everything-discr-sales-customer-interaction-guides.html,301
http://www.discassessment.co.uk/everything-disc-workplace-style-guides/,http://www.discassessment.co.uk/everything-disc-workplacer-style-guides.html,301
http://www.discassessment.co.uk/everything-disc-management-interaction-guides/,http://www.discassessment.co.uk/everything-discr-management-interaction-guides.html,301
http://www.discassessment.co.uk/everything-disc-workplace-interaction-guides/,http://www.discassessment.co.uk/everything-disc-workplacer-interaction-guides.html,301
http://www.discassessment.co.uk/the-five-behaviors-of-a-cohesive-team/,http://www.discassessment.co.uk/the-five-behaviours,301
http://www.discassessment.co.uk/disc-profiles/,http://www.discassessment.co.uk/products/everything-disc-profiles.html,301
http://www.discassessment.co.uk/certification-di/,http://www.discassessment.co.uk/products.html,301
http://www.discassessment.co.uk/disc-credits/,http://www.discassessment.co.uk/products.html,301
http://www.discassessment.co.uk/everything-disc,http://www.discassessment.co.uk/products/everything-disc-profiles.html,301
http://www.discassessment.co.uk/disc-training-systems/,http://www.discassessment.co.uk/products.html,301
http://www.discassessment.co.uk/training-aids/,http://www.discassessment.co.uk/products.html,301
http://www.discassessment.co.uk/other-inscape-profiles,http://www.discassessment.co.uk/products.html,301
http://www.discassessment.co.uk/disc-classic,http://www.discassessment.co.uk/products.html,301
http://www.discassessment.co.uk/epic-account-1/,http://www.discassessment.co.uk/products.html,301
http://www.discassessment.co.uk/disc-certification-training-1/,http://www.discassessment.co.uk/products.html,301
http://www.discassessment.co.uk/behavioural-coach-training-2/,http://www.discassessment.co.uk/products.html,301
http://www.discassessment.co.uk/disc-classic/,http://www.discassessment.co.uk/products.html,301
http://www.discassessment.co.uk/everything-disc/,http://www.discassessment.co.uk/products.html,301
http://www.discassessment.co.uk/beyond-disc/,http://www.discassessment.co.uk/products.html,301
http://www.discassessment.co.uk/everything-disc-363-for-leaders/.http://www.discassessment.co.uk/products.html,301
http://www.discassessment.co.uk/workplace/.http://www.discassessment.co.uk/products.html,301
http://www.discassessment.co.uk/sales/,http://www.discassessment.co.uk/products.html,301
http://www.discassessment.co.uk/management/,http://www.discassessment.co.uk/products.html,301
http://www.discassessment.co.uk/work-of-leaders/,http://www.discassessment.co.uk/products.html,301
http://www.discassessment.co.uk/beyond-disc-1/,http://www.discassessment.co.uk/products.html,301
http://www.discassessment.co.uk/brands/Inscape-Disc.html,http://www.discassessment.co.uk/products.html,301
http://www.discassessment.co.uk/blog/cohesive-team-training-and-the-importance-of-conflict/,http://www.discassessment.co.uk/news/,301
http://www.discassessment.co.uk/blog/recognising-your-soft-skills-in-the-workplace-/,http://www.discassessment.co.uk/news/,301
http://www.discassessment.co.uk/blog/three-situations-where-disc-assessment-will-come-in-useful-for-your-company/,http://www.discassessment.co.uk/news/,301
http://www.discassessment.co.uk/blog/three-reasons-your-sales-team-needs-disc-assessment-training/,http://www.discassessment.co.uk/news/,301
http://www.discassessment.co.uk/blog/three-reasons-to-introduce-disc-assessment-into-your-companys-interviewing-process/,http://www.discassessment.co.uk/news/,301
http://www.discassessment.co.uk/blog/three-reasons-your-company-should-be-using-disc-assessment/,http://www.discassessment.co.uk/news/,301
http://www.discassessment.co.uk/blog/strength-of-character-is-the-secret-to-the-success-and-longevity-of-leaders-/,http://www.discassessment.co.uk/news/,301
http://www.discassessment.co.uk/blog/5-steps-to-leading-your-team-more-effectively-with-disc-assessment/,http://www.discassessment.co.uk/news/,301
http://www.discassessment.co.uk/blog/disc-assessment-top-5-habits-that-effective-team-members-should-never-outgrow-/,http://www.discassessment.co.uk/news/,301

https://www.discassessment.co.uk/disc-info/,https://www.discassessment.co.uk/about-us,301
https://www.discassessment.co.uk/store/,https://www.discassessment.co.uk/products.html,301
https://www.discassessment.co.uk/epic-account-info/,https://www.discassessment.co.uk/epic-credits,301
https://www.discassessment.co.uk/the-benefits-of-using-disc/,https://www.discassessment.co.uk/about-us,301
https://www.discassessment.co.uk/the-history-of-disc/,https://www.discassessment.co.uk/about-us, 301
https://www.discassessment.co.uk/disc-dominance-d-profile-overview/,https://www.discassessment.co.uk/disc, 301
https://www.discassessment.co.uk/disc-influence-i-profile-overview/,https://www.discassessment.co.uk/disc, 301
https://www.discassessment.co.uk/disc-steadiness-s-profile-overview/,https://www.discassessment.co.uk/disc, 301
https://www.discassessment.co.uk/disc-conscientiousness-c-profile-overview/,https://www.discassessment.co.uk/disc, 301
https://www.discassessment.co.uk/frequently-asked-questions/,https://www.discassessment.co.uk/about-us/faq-cat.html, 301
https://www.discassessment.co.uk/contact-us,https://www.discassessment.co.uk/contact,301
https://www.discassessment.co.uk/disc-training-dates/,https://www.discassessment.co.uk/disc-trainer-certification,301
https://www.discassessment.co.uk/videos/,https://www.discassessment.co.uk/about-us,301
https://www.discassessment.co.uk/everything-disc-sales-videos/,https://www.discassessment.co.uk/about-us,301
https://www.discassessment.co.uk/everything-disc-work-of-leaders-videos/,https://www.discassessment.co.uk/about-us,301
https://www.discassessment.co.uk/everything-disc-management-videos/,https://www.discassessment.co.uk/about-us,301
https://www.discassessment.co.uk/some-disc-uk-clients/,https://www.discassessment.co.uk/about-us,301
https://www.discassessment.co.uk/everything-disc-363-for-leaders-videos/,https://www.discassessment.co.uk/about-us,301
https://www.discassessment.co.uk/everything-disc-workplace-videos/,https://www.discassessment.co.uk/about-us,301
https://www.discassessment.co.uk/363-for-leaders-1, https://www.discassessment.co.uk/363-for-leaders, 301
https://www.discassessment.co.uk/5-behaviours/,https://www.discassessment.co.uk/the-five-behaviours,301
https://www.discassessment.co.uk/epic-credits,https://www.discassessment.co.uk/products/epic.html,301
https://www.discassessment.co.uk/everything-disc-trainer-certification/,https://www.discassessment.co.uk/disc-trainer-certification,301
https://www.discassessment.co.uk/everything-disc-manual/,https://www.discassessment.co.uk/everything-discr-manual.html,301
https://www.discassessment.co.uk/the-five-behaviors-of-a-cohesive-team-facilitation-kit/,https://www.discassessment.co.uk/the-five-behaviours,301
https://www.discassessment.co.uk/the-five-behaviors-of-a-cohesive-team-profile/,https://www.discassessment.co.uk/the-five-behaviours,301
https://www.discassessment.co.uk/epic-account/,https://www.discassessment.co.uk/epic-credits,301
https://www.discassessment.co.uk/everything-disc-workplace-profile-15-credits/,https://www.discassessment.co.uk/products.html,301
https://www.discassessment.co.uk/epic-account-150-starter-credits/,https://www.discassessment.co.uk/products/epic/epic-account-150-starter-credits.html,301
https://www.discassessment.co.uk/epic-credit-bundle-500/,https://www.discassessment.co.uk/products/epic/epic-credit-bundle-500.html,301
https://www.discassessment.co.uk/everything-disc-management-profile/,https://www.discassessment.co.uk/everything-discr-management-profile.html,301
https://www.discassessment.co.uk/epic-credit-bundle-1000/,https://www.discassessment.co.uk/products/epic/epic-credit-bundle-1000.html,301
https://www.discassessment.co.uk/everything-disc-sales-profile/,https://www.discassessment.co.uk/everything-discr-sales-profile.html,301
https://www.discassessment.co.uk/the-five-behaviors-take-away-cards-5b101-02/,https://www.discassessment.co.uk/the-five-behaviors-take-away-cards.html,301
https://www.discassessment.co.uk/epic-credit-bundle-2500/,https://www.discassessment.co.uk/products/epic/epic-credit-bundle-2500.html,301
https://www.discassessment.co.uk/everything-disc-work-of-leaders-profile/,https://www.discassessment.co.uk/everything-discr-work-of-leaders-profile.html,301
https://www.discassessment.co.uk/everything-disc-363-for-leaders1/,https://www.discassessment.co.uk/363-for-leaders,301
https://www.discassessment.co.uk/epic-credit-bundle-5000/,https://www.discassessment.co.uk/products/epic/epic-credit-bundle-5000.html,301
https://www.discassessment.co.uk/everything-disc-facilitator-report/,https://www.discassessment.co.uk/everything-discr-facilitator-report.html,301
https://www.discassessment.co.uk/everything-disc-group-culture-report/,https://www.discassessment.co.uk/everything-discr-group-culture-report.html,301
https://www.discassessment.co.uk/quikdisc-card-game/,https://www.discassessment.co.uk/quikdiscr-card-game.html,301
https://www.discassessment.co.uk/disc-classic-on-paper/,https://www.discassessment.co.uk/discr-classic-on-paper.html,301
https://www.discassessment.co.uk/everything-disc-comparison-report-1/,https://www.discassessment.co.uk/everything-disc-comparison-report.html,301
https://www.discassessment.co.uk/disc-classic-on-paper-pack-of-25/,https://www.discassessment.co.uk/discr-classic-on-paper-pack-of-25.html,301
https://www.discassessment.co.uk/disc-classic-2-0-profile,https://www.discassessment.co.uk/discr-classic-2-0-profile.html,301
https://www.discassessment.co.uk/green-d-disc-buttons-set-of-10/,https://www.discassessment.co.uk/products.html,301
https://www.discassessment.co.uk/red-i-disc-buttons-set-of-10/,https://www.discassessment.co.uk/products.html,301
https://www.discassessment.co.uk/blue-s-disc-buttons-set-of-10/,https://www.discassessment.co.uk/products.html,301
https://www.discassessment.co.uk/yellow-c-disc-buttons-set-of-10/,https://www.discassessment.co.uk/products.html,301
https://www.discassessment.co.uk/everything-disc-mugs-set-of-4/,https://www.discassessment.co.uk/products.html,301
https://www.discassessment.co.uk/everything-disc-people-reading-pens-set-of-5/,https://www.discassessment.co.uk/products.html,301
https://www.discassessment.co.uk/everything-disc-workplace-facilitation-kit/,https://www.discassessment.co.uk/everything-disc-workplacer-facilitation-kit.html,301
https://www.discassessment.co.uk/everything-disc-management-facilitation-kit/,https://www.discassessment.co.uk/everything-discr-management-facilitation-kit.html,301
https://www.discassessment.co.uk/everything-disc-sales-facilitation-kit/,https://www.discassessment.co.uk/everything-discr-sales-facilitation-kit.html,301
https://www.discassessment.co.uk/everything-disc-work-of-leaders-facilitation-kit/,https://www.discassessment.co.uk/everything-discr-work-of-leaders-facilitation-kit.html,301
https://www.discassessment.co.uk/everything-disc-work-of-leaders-poster-set/,https://www.discassessment.co.uk/products.html,301
https://www.discassessment.co.uk/everything-disc-sales-customer-interaction-guides/,https://www.discassessment.co.uk/everything-discr-sales-customer-interaction-guides.html,301
https://www.discassessment.co.uk/everything-disc-workplace-style-guides/,https://www.discassessment.co.uk/everything-disc-workplacer-style-guides.html,301
https://www.discassessment.co.uk/everything-disc-management-interaction-guides/,https://www.discassessment.co.uk/everything-discr-management-interaction-guides.html,301
https://www.discassessment.co.uk/everything-disc-workplace-interaction-guides/,https://www.discassessment.co.uk/everything-disc-workplacer-interaction-guides.html,301
https://www.discassessment.co.uk/the-five-behaviors-of-a-cohesive-team/,https://www.discassessment.co.uk/the-five-behaviours,301
https://www.discassessment.co.uk/disc-profiles/,https://www.discassessment.co.uk/products/everything-disc-profiles.html,301
https://www.discassessment.co.uk/certification-di/,https://www.discassessment.co.uk/products.html,301
https://www.discassessment.co.uk/disc-credits/,https://www.discassessment.co.uk/products.html,301
https://www.discassessment.co.uk/everything-disc,https://www.discassessment.co.uk/products/everything-disc-profiles.html,301
https://www.discassessment.co.uk/disc-training-systems/,https://www.discassessment.co.uk/products.html,301
https://www.discassessment.co.uk/training-aids/,https://www.discassessment.co.uk/products.html,301
https://www.discassessment.co.uk/other-inscape-profiles,https://www.discassessment.co.uk/products.html,301
https://www.discassessment.co.uk/disc-classic,https://www.discassessment.co.uk/products.html,301
https://www.discassessment.co.uk/epic-account-1/,https://www.discassessment.co.uk/products.html,301
https://www.discassessment.co.uk/disc-certification-training-1/,https://www.discassessment.co.uk/products.html,301
https://www.discassessment.co.uk/behavioural-coach-training-2/,https://www.discassessment.co.uk/products.html,301
https://www.discassessment.co.uk/disc-classic/,https://www.discassessment.co.uk/products.html,301
https://www.discassessment.co.uk/everything-disc/,https://www.discassessment.co.uk/products.html,301
https://www.discassessment.co.uk/beyond-disc/,https://www.discassessment.co.uk/products.html,301
https://www.discassessment.co.uk/everything-disc-363-for-leaders/.https://www.discassessment.co.uk/products.html,301
https://www.discassessment.co.uk/workplace/.https://www.discassessment.co.uk/products.html,301
https://www.discassessment.co.uk/sales/,https://www.discassessment.co.uk/products.html,301
https://www.discassessment.co.uk/management/,https://www.discassessment.co.uk/products.html,301
https://www.discassessment.co.uk/work-of-leaders/,https://www.discassessment.co.uk/products.html,301
https://www.discassessment.co.uk/beyond-disc-1/,https://www.discassessment.co.uk/products.html,301
https://www.discassessment.co.uk/brands/Inscape-Disc.html,https://www.discassessment.co.uk/products.html,301
https://www.discassessment.co.uk/blog/cohesive-team-training-and-the-importance-of-conflict/,https://www.discassessment.co.uk/news/,301
https://www.discassessment.co.uk/blog/recognising-your-soft-skills-in-the-workplace-/,https://www.discassessment.co.uk/news/,301
https://www.discassessment.co.uk/blog/three-situations-where-disc-assessment-will-come-in-useful-for-your-company/,https://www.discassessment.co.uk/news/,301
https://www.discassessment.co.uk/blog/three-reasons-your-sales-team-needs-disc-assessment-training/,https://www.discassessment.co.uk/news/,301
https://www.discassessment.co.uk/blog/three-reasons-to-introduce-disc-assessment-into-your-companys-interviewing-process/,https://www.discassessment.co.uk/news/,301
https://www.discassessment.co.uk/blog/three-reasons-your-company-should-be-using-disc-assessment/,https://www.discassessment.co.uk/news/,301
https://www.discassessment.co.uk/blog/strength-of-character-is-the-secret-to-the-success-and-longevity-of-leaders-/,https://www.discassessment.co.uk/news/,301
https://www.discassessment.co.uk/blog/5-steps-to-leading-your-team-more-effectively-with-disc-assessment/,https://www.discassessment.co.uk/news/,301
https://www.discassessment.co.uk/blog/disc-assessment-top-5-habits-that-effective-team-members-should-never-outgrow-/,https://www.discassessment.co.uk/news/,301